{"model_dir": "Z:\\Desktop\\ZI\\PycharmProjects\\BeRNN\\Data\\BeRNN_01\\Model\\Model_60_BeRNN_01_Month_1", "trials": [0], "times": [0.6146512031555176], "cost_DM": [0.18356097117066383], "creg_DM": [0.7385178208351135], "perf_DM": [0.1609375], "cost_DM_Anti": [0.17838463187217712], "creg_DM_Anti": [0.4525025952607393], "perf_DM_Anti": [0.059375], "cost_EF": [0.1898920526728034], "creg_EF": [0.7778903841972351], "perf_EF": [0.0890625], "cost_EF_Anti": [0.19110659696161747], "creg_EF_Anti": [0.796132929623127], "perf_EF_Anti": [0.0015625], "cost_RP": [0.17471594735980034], "creg_RP": [0.37977416440844536], "perf_RP": [0.1296875], "cost_RP_Anti": [0.17262858897447586], "creg_RP_Anti": [0.3697409927845001], "perf_RP_Anti": [0.020312500000000004], "cost_RP_Ctx1": [0.18019303400069475], "creg_RP_Ctx1": [0.4122466016560793], "perf_RP_Ctx1": [0.1015625], "cost_RP_Ctx2": [0.17499470058828592], "creg_RP_Ctx2": [0.35369015485048294], "perf_RP_Ctx2": [0.056249999999999994], "cost_WM": [0.1724962294101715], "creg_WM": [0.27919979114085436], "perf_WM": [0.14375], "cost_WM_Anti": [0.1735033644363284], "creg_WM_Anti": [0.321178937330842], "perf_WM_Anti": [0.109375], "cost_WM_Ctx1": [0.16731395479291677], "creg_WM_Ctx1": [0.2667006542906165], "perf_WM_Ctx1": [0.084375], "cost_WM_Ctx2": [0.1698258062824607], "creg_WM_Ctx2": [0.25977406091988087], "perf_WM_Ctx2": [0.0828125], "perf_avg": [0.08658854166666669], "perf_min": [0.0015625]}