{"batch_size_train": 32, "batch_size_test": 640, "in_type": "normal", "rnn_type": "GRU", "use_separate_input": false, "loss_type": "lsq", "optimizer": "adam", "activation": "relu", "tau": 100, "dt": 20, "alpha": 0.2, "sigma_rec": 0.05, "sigma_x": 0.01, "w_rec_init": "randortho", "l1_h": 0, "l2_h": 0.0001, "l1_weight": 0, "l2_weight": 0.0001, "l2_weight_init": 0.0001, "p_weight_train": null, "target_perf": 1.0, "n_eachring": 32, "num_ring": 2, "n_rule": 12, "rule_start": 65, "n_input": 77, "n_output": 33, "n_rnn": 256, "ruleset": "all", "save_name": "test", "learning_rate": 0.003, "seed": 0, "rule_trains": ["DM", "DM_Anti", "EF", "EF_Anti", "RP", "RP_Anti", "RP_Ctx1", "RP_Ctx2", "WM", "WM_Anti", "WM_Ctx1", "WM_Ctx2"], "rules": ["DM", "DM_Anti", "EF", "EF_Anti", "RP", "RP_Anti", "RP_Ctx1", "RP_Ctx2", "WM", "WM_Anti", "WM_Ctx1", "WM_Ctx2"], "rule_probs": [0.08333333333333333, 0.08333333333333333, 0.08333333333333333, 0.08333333333333333, 0.08333333333333333, 0.08333333333333333, 0.08333333333333333, 0.08333333333333333, 0.08333333333333333, 0.08333333333333333, 0.08333333333333333, 0.08333333333333333]}