{"model_dir": "Z:\\Desktop\\ZI\\PycharmProjects\\BeRNN\\Data\\BeRNN_04\\Model\\Model_40_BeRNN_04_Month_3", "trials": [0, 32000, 64000, 96000, 128000, 160000, 192000, 224000, 256000, 288000, 320000, 352000, 384000, 416000, 448000, 480000, 512000, 544000], "times": [0.39346885681152344, 383.4437081813812, 818.6375918388367, 1187.522741317749, 1629.582376241684, 2058.740086555481, 2463.8913037776947, 2900.738317489624, 3262.948606491089, 3661.897229194641, 4026.6179423332214, 4448.8192923069, 4824.546361446381, 5219.153867006302, 5569.478008747101, 5913.131502628326, 6301.00554227829, 6677.876800060272], "cost_DM": [0.18192848842591047, NaN, NaN, NaN, NaN, NaN, NaN, NaN, NaN, NaN, NaN, NaN, NaN, NaN, 0.09331174613907933, NaN, 0.09284509671851993, NaN], "creg_DM": [0.0, 0.0, 0.0, 0.0, 0.0, 0.0, 0.0, 0.0, 0.0, 0.0, 0.0, 0.0, 0.0, 0.0, 0.0, 0.0, 0.0, 0.0], "perf_DM": [0.175, 0.0, 0.0, 0.0, 0.0, 0.0, 0.0, 0.0, 0.0, 0.0, 0.0, 0.0, 0.0, 0.0, 0.0, 0.0, 0.0, 0.0], "cost_DM_Anti": [0.18237221334129572, NaN, NaN, NaN, NaN, NaN, NaN, NaN, NaN, NaN, NaN, NaN, NaN, NaN, NaN, NaN, NaN, NaN], "creg_DM_Anti": [0.0, 0.0, 0.0, 0.0, 0.0, 0.0, 0.0, 0.0, 0.0, 0.0, 0.0, 0.0, 0.0, 0.0, 0.0, 0.0, 0.0, 0.0], "perf_DM_Anti": [0.06875, 0.0, 0.0, 0.0, 0.0, 0.0, 0.0, 0.0, 0.0, 0.0, 0.0, 0.0, 0.0, 0.0, 0.0, 0.0, 0.0, 0.0], "cost_EF": [0.18813476152718067, 0.08363412972539663, 0.08660143008455634, 0.08583652088418603, 0.08392705721780658, 0.08429176220670342, 0.08292807172983885, 0.08259909274056554, 0.08298244886100292, 0.08309398777782917, 0.08298669336363673, 0.08536175824701786, 0.08349550841376185, 0.08652005158364773, 0.08487422531470656, 0.08250937378033996, 0.08292086655274034, 0.08513680845499039], "creg_EF": [0.0, 0.0, 0.0, 0.0, 0.0, 0.0, 0.0, 0.0, 0.0, 0.0, 0.0, 0.0, 0.0, 0.0, 0.0, 0.0, 0.0, 0.0], "perf_EF": [0.1015625, 0.0, 0.0, 0.0, 0.0, 0.0, 0.0, 0.0, 0.0, 0.0, 0.0, 0.0, 0.0, 0.0, 0.0, 0.0, 0.0, 0.0], "cost_EF_Anti": [0.19193400163203478, 0.08166315406560898, 0.08512561488896608, 0.08004654198884964, 0.0845627416856587, 0.08177953073754907, 0.07991560036316514, 0.08307223115116358, 0.07930276077240705, 0.08076170971617103, 0.08173288684338331, 0.07887185411527753, 0.0823550377972424, 0.07912364834919572, 0.08116728207096457, 0.08228732366114855, 0.08252191264182329, 0.08517864160239697], "creg_EF_Anti": [0.0, 0.0, 0.0, 0.0, 0.0, 0.0, 0.0, 0.0, 0.0, 0.0, 0.0, 0.0, 0.0, 0.0, 0.0, 0.0, 0.0, 0.0], "perf_EF_Anti": [0.0125, 0.0, 0.0, 0.0, 0.0, 0.0, 0.0, 0.0, 0.0, 0.0, 0.0, 0.0, 0.0, 0.0, 0.0, 0.0, 0.0, 0.0], "cost_RP": [0.18727276287972927, NaN, NaN, NaN, NaN, NaN, NaN, NaN, NaN, NaN, NaN, NaN, NaN, NaN, NaN, NaN, NaN, NaN], "creg_RP": [0.0, 0.0, 0.0, 0.0, 0.0, 0.0, 0.0, 0.0, 0.0, 0.0, 0.0, 0.0, 0.0, 0.0, 0.0, 0.0, 0.0, 0.0], "perf_RP": [0.06718750000000001, 0.0, 0.0, 0.0, 0.0, 0.0, 0.0, 0.0, 0.0, 0.0, 0.0, 0.0, 0.0, 0.0, 0.0, 0.0, 0.0, 0.0], "cost_RP_Anti": [0.1838358910754323, 0.10239439317956567, 0.10120643861591816, 0.10049830377101898, 0.09824435971677303, 0.10196346277371049, 0.10163114918395877, 0.10015499871224165, 0.10059689311310649, 0.10065120551735163, 0.09883619239553809, 0.09686964377760887, 0.09851965075358748, 0.09775452222675085, 0.09399016201496124, 0.09822757635265589, 0.09810807229951024, 0.100018419791013], "creg_RP_Anti": [0.0, 0.0, 0.0, 0.0, 0.0, 0.0, 0.0, 0.0, 0.0, 0.0, 0.0, 0.0, 0.0, 0.0, 0.0, 0.0, 0.0, 0.0], "perf_RP_Anti": [0.010937500000000001, 0.0, 0.0, 0.0, 0.0, 0.0, 0.0, 0.0, 0.0, 0.0, 0.0, 0.0, 0.0, 0.0, 0.0, 0.0, 0.0, 0.0], "cost_RP_Ctx1": [0.17808790784329176, 0.09304398950189352, NaN, NaN, NaN, NaN, NaN, NaN, NaN, NaN, 0.09186820546165109, 0.09045726805925369, 0.09272439125925303, 0.09208449115976691, 0.09097257116809487, 0.09131414536386728, 0.09162630373612046, NaN], "creg_RP_Ctx1": [0.0, 0.0, 0.0, 0.0, 0.0, 0.0, 0.0, 0.0, 0.0, 0.0, 0.0, 0.0, 0.0, 0.0, 0.0, 0.0, 0.0, 0.0], "perf_RP_Ctx1": [0.134375, 0.0, 0.0, 0.0, 0.0, 0.0, 0.0, 0.0, 0.0, 0.0, 0.0, 0.0, 0.0, 0.0, 0.0, 0.0, 0.0, 0.0], "cost_RP_Ctx2": [0.17868102248758078, 0.09614792559295893, 0.0970738772302866, 0.09810299659147859, 0.09752397844567895, 0.09739319328218699, 0.09769691899418831, 0.09537297254428267, 0.09740477241575718, 0.09648174745962024, 0.09521377831697464, 0.0959526402875781, 0.09727198258042336, 0.09547188179567456, 0.09590602433308959, 0.09661993756890297, 0.09600419644266367, 0.0959952287375927], "creg_RP_Ctx2": [0.0, 0.0, 0.0, 0.0, 0.0, 0.0, 0.0, 0.0, 0.0, 0.0, 0.0, 0.0, 0.0, 0.0, 0.0, 0.0, 0.0, 0.0], "perf_RP_Ctx2": [0.06875, 0.0, 0.0, 0.0, 0.0, 0.0, 0.0, 0.0, 0.0, 0.0, 0.0, 0.0, 0.0, 0.0, 0.0, 0.0, 0.0, 0.0], "cost_WM": [0.18102565594017506, 0.08302053716033697, 0.08618163177743554, 0.08377231005579233, 0.08290802966803312, 0.08351651253178716, 0.07946871034801006, 0.08278917986899614, 0.08390921633690596, 0.0838726763613522, 0.08335306029766798, 0.08216939866542816, 0.08322193706408143, 0.08132223132997751, 0.08166391029953957, 0.07894002459943295, 0.07998201251029968, 0.08306186506524682], "creg_WM": [0.0, 0.0, 0.0, 0.0, 0.0, 0.0, 0.0, 0.0, 0.0, 0.0, 0.0, 0.0, 0.0, 0.0, 0.0, 0.0, 0.0, 0.0], "perf_WM": [0.16875, 0.0, 0.0, 0.0, 0.0, 0.0, 0.0, 0.0, 0.0, 0.0, 0.0, 0.0, 0.0, 0.0, 0.0, 0.0, 0.0, 0.0], "cost_WM_Anti": [0.17827266361564398, 0.09283509058877826, 0.09261704795062542, 0.08927458478137851, 0.09425388090312481, 0.09274878120049834, 0.09515111101791263, 0.09242200152948499, 0.09045345662161708, 0.09369186218827963, 0.09467952512204647, 0.09030272345989943, 0.09109856560826302, 0.09367200452834368, 0.09260420594364405, 0.09635660191997886, 0.09287316352128983, 0.09240827336907387], "creg_WM_Anti": [0.0, 0.0, 0.0, 0.0, 0.0, 0.0, 0.0, 0.0, 0.0, 0.0, 0.0, 0.0, 0.0, 0.0, 0.0, 0.0, 0.0, 0.0], "perf_WM_Anti": [0.075, 0.0, 0.0, 0.0, 0.0, 0.0, 0.0, 0.0, 0.0, 0.0, 0.0, 0.0, 0.0, 0.0, 0.0, 0.0, 0.0, 0.0], "cost_WM_Ctx1": [0.16933608055114746, 0.10069575347006321, 0.09990422800183296, 0.10081909643486142, 0.09897318063303828, 0.09941322449594736, 0.09997963719069958, 0.09913780447095633, 0.10032554343342781, 0.09940212173387408, 0.10113695077598095, 0.09969350975006819, 0.10045818658545613, 0.10080074425786734, 0.10028408234938979, 0.09967449959367514, 0.09929117606952786, 0.10072812857106328], "creg_WM_Ctx1": [0.0, 0.0, 0.0, 0.0, 0.0, 0.0, 0.0, 0.0, 0.0, 0.0, 0.0, 0.0, 0.0, 0.0, 0.0, 0.0, 0.0, 0.0], "perf_WM_Ctx1": [0.0796875, 0.0, 0.0, 0.0, 0.0, 0.0, 0.0, 0.0, 0.0, 0.0, 0.0, 0.0, 0.0, 0.0, 0.0, 0.0, 0.0, 0.0], "cost_WM_Ctx2": [0.1709984913468361, 0.10351903550326824, 0.1030247169546783, 0.10111379018053412, 0.10131545597687364, 0.10415886854752898, 0.10408424725756049, 0.10284902760758996, 0.104058429133147, 0.10163234965875745, 0.10165256960317492, 0.10376661736518145, 0.1015873970463872, 0.10280330246314406, 0.10150126973167062, 0.10147415846586227, 0.10306615009903908, 0.10285986633971334], "creg_WM_Ctx2": [0.0, 0.0, 0.0, 0.0, 0.0, 0.0, 0.0, 0.0, 0.0, 0.0, 0.0, 0.0, 0.0, 0.0, 0.0, 0.0, 0.0, 0.0], "perf_WM_Ctx2": [0.029687500000000002, 0.0, 0.0, 0.0, 0.0, 0.0, 0.0, 0.0, 0.0, 0.0, 0.0, 0.0, 0.0, 0.0, 0.0, 0.0, 0.0, 0.0], "perf_avg": [0.08268229166666667, 0.0, 0.0, 0.0, 0.0, 0.0, 0.0, 0.0, 0.0, 0.0, 0.0, 0.0, 0.0, 0.0, 0.0, 0.0, 0.0, 0.0], "perf_min": [0.010937500000000001, 0.0, 0.0, 0.0, 0.0, 0.0, 0.0, 0.0, 0.0, 0.0, 0.0, 0.0, 0.0, 0.0, 0.0, 0.0, 0.0, 0.0]}