{"model_dir": "Z:\\Desktop\\ZI\\PycharmProjects\\BeRNN\\Data\\BeRNN_04\\Model\\Model_37_BeRNN_04_Month_1-2", "trials": [0, 32000, 64000, 96000], "times": [0.29042720794677734, 1036.5926489830017, 2016.4655756950378, 2986.8843400478363], "cost_DM": [0.18376741744577885, 0.06506862607784569, 0.04583332547917962, 0.046226367354393005], "creg_DM": [0.0, 0.0, 0.0, 0.0], "perf_DM": [0.1578125, 0.2953125, 0.265625, 0.2453125], "cost_DM_Anti": [0.18431451357901096, 0.04751841933466494, 0.03892502700909972, 0.03858077106997371], "creg_DM_Anti": [0.0, 0.0, 0.0, 0.0], "perf_DM_Anti": [0.059375, 0.20781249999999998, 0.2203125, 0.18125000000000002], "cost_EF": [0.19016076438128948, 0.08318130346015096, 0.045908618718385696, 0.044713002163916826], "creg_EF": [0.0, 0.0, 0.0, 0.0], "perf_EF": [0.11406250000000001, 0.19687500000000002, 0.2375, 0.1171875], "cost_EF_Anti": [0.1919672004878521, 0.07632078370079398, 0.04385952476877719, 0.04240176104940474], "creg_EF_Anti": [0.0, 0.0, 0.0, 0.0], "perf_EF_Anti": [0.0125, 0.20625, 0.1109375, 0.159375], "cost_RP": [0.18397716153413057, 0.06514911027625203, 0.044812031323090196, 0.041778518818318844], "creg_RP": [0.0, 0.0, 0.0, 0.0], "perf_RP": [0.0796875, 0.21562499999999998, 0.2328125, 0.22187500000000002], "cost_RP_Anti": [0.1809444623067975, 0.08060507895424962, 0.05457176407799125, 0.04780031065456569], "creg_RP_Anti": [0.0, 0.0, 0.0, 0.0], "perf_RP_Anti": [0.028124999999999997, 0.38593750000000004, 0.24687499999999998, 0.3515625], "cost_RP_Ctx1": [0.18052788730710745, 0.05962982727214694, 0.04372841026633978, 0.04286060808226466], "creg_RP_Ctx1": [0.0, 0.0, 0.0, 0.0], "perf_RP_Ctx1": [0.159375, 0.21250000000000002, 0.284375, 0.2515625], "cost_RP_Ctx2": [0.17746388167142868, 0.06643928913399577, 0.046192947309464216, 0.043138338485732675], "creg_RP_Ctx2": [0.0, 0.0, 0.0, 0.0], "perf_RP_Ctx2": [0.0453125, 0.2421875, 0.321875, 0.37343750000000003], "cost_WM": [0.17360893730074167, 0.06165961967781186, 0.04316160944290459, 0.04370763851329684], "creg_WM": [0.0, 0.0, 0.0, 0.0], "perf_WM": [0.16249999999999998, 0.2265625, 0.36250000000000004, 0.35625], "cost_WM_Anti": [0.17704591620713472, 0.060415282379835844, 0.04169258242473006, 0.040326090063899755], "creg_WM_Anti": [0.0, 0.0, 0.0, 0.0], "perf_WM_Anti": [0.10312500000000001, 0.2234375, 0.365625, 0.3625], "cost_WM_Ctx1": [0.168493184261024, 0.037341422284953296, 0.037650604266673326, 0.04082312434911728], "creg_WM_Ctx1": [0.0, 0.0, 0.0, 0.0], "perf_WM_Ctx1": [0.11875000000000001, 0.5609375000000001, 0.5296875, 0.5078125], "cost_WM_Ctx2": [0.17150847055017948, 0.0341268100310117, 0.03444079798646271, 0.03774203360080719], "creg_WM_Ctx2": [0.0, 0.0, 0.0, 0.0], "perf_WM_Ctx2": [0.06875, 0.5609375000000001, 0.5531250000000001, 0.5265625], "perf_avg": [0.09244791666666667, 0.29453125, 0.31093750000000003, 0.3045572916666666], "perf_min": [0.0125, 0.19687500000000002, 0.1109375, 0.1171875]}