{"model_dir": "Z:\\Desktop\\ZI\\PycharmProjects\\BeRNN\\Data\\BeRNN_04\\Model\\Model_37_BeRNN_04_Month_3", "trials": [0, 32000, 64000, 96000, 128000, 160000, 192000, 224000, 256000, 288000, 320000, 352000, 384000, 416000, 448000, 480000, 512000, 544000, 576000, 608000, 640000, 672000, 704000, 736000, 768000, 800000, 832000, 864000, 896000, 928000, 960000, 992000], "times": [0.2837216854095459, 794.4550569057465, 1620.845627784729, 2321.699419736862, 3070.928784132004, 3795.6910898685455, 4538.690943002701, 5219.192492485046, 5922.646220445633, 6754.883848905563, 7571.011598825455, 8352.25754070282, 9074.602374076843, 9842.21369099617, 10591.549958705902, 11320.237401247025, 12053.215789794922, 12845.140792131424, 13586.441189289093, 14319.75350022316, 15030.221311807632, 15810.878862380981, 16546.051045417786, 17288.181074619293, 18039.781064271927, 18751.12668800354, 19463.937460899353, 20210.403784036636, 20854.732401371002, 21461.876702308655, 22190.209695100784, 22853.287979364395], "cost_DM": [0.18153805378824472, NaN, 0.053999045165255666, 0.06628085696138442, 0.0521905857603997, 0.05312391114421189, 0.0535181793384254, 0.048340141074731946, 0.05189629690721631, 0.06368909473530948, 0.050851584412157536, 0.053249669494107366, 0.06598514877259731, 0.0720466070342809, 0.06292024510912597, 0.05974979535676539, 0.05917014880105853, 0.0570044235792011, 0.05465436354279518, 0.05704747955314815, 0.0616219041403383, 0.06478520901873708, 0.05823877197690308, 0.06075768265873194, 0.0791788692586124, 0.0598076181486249, 0.06530519668012857, 0.05703027523122728, 0.06654204661026597, 0.06145082623697817, 0.07094469480216503, 0.05947255785576999], "creg_DM": [0.0, 0.0, 0.0, 0.0, 0.0, 0.0, 0.0, 0.0, 0.0, 0.0, 0.0, 0.0, 0.0, 0.0, 0.0, 0.0, 0.0, 0.0, 0.0, 0.0, 0.0, 0.0, 0.0, 0.0, 0.0, 0.0, 0.0, 0.0, 0.0, 0.0, 0.0, 0.0], "perf_DM": [0.18125000000000002, 0.0, 0.27656250000000004, 0.203125, 0.23750000000000002, 0.225, 0.2625, 0.27499999999999997, 0.2671875, 0.190625, 0.2859375, 0.2296875, 0.18593750000000003, 0.1609375, 0.17031249999999998, 0.1875, 0.2578125, 0.2390625, 0.2375, 0.28593749999999996, 0.24374999999999997, 0.22500000000000003, 0.2109375, 0.2734375, 0.196875, 0.24531250000000002, 0.2375, 0.26875000000000004, 0.2171875, 0.24218750000000003, 0.2609375, 0.2421875], "cost_DM_Anti": [0.18307400774210691, 0.07159171579405665, 0.04372376040555537, 0.04490440455265343, 0.04144788393750787, 0.04326820932328701, 0.04906524554826319, 0.04859885619953275, 0.04835367389023304, 0.05114394286647439, 0.050289178267121315, 0.046628185315057635, 0.05142857297323644, 0.056458092760294676, 0.04865411319769919, 0.050607374869287014, 0.054696836741641164, 0.049120899522677064, 0.05002832366153598, 0.05658849445171654, 0.053052623523399234, 0.05617936281487346, 0.055786988232284784, 0.05410236562602222, 0.054697869112715125, 0.05312641826458275, 0.052526629995554686, 0.05171092110686004, 0.050640185130760074, 0.055418510688468814, 0.05531377368606627, 0.05637073842808604], "creg_DM_Anti": [0.0, 0.0, 0.0, 0.0, 0.0, 0.0, 0.0, 0.0, 0.0, 0.0, 0.0, 0.0, 0.0, 0.0, 0.0, 0.0, 0.0, 0.0, 0.0, 0.0, 0.0, 0.0, 0.0, 0.0, 0.0, 0.0, 0.0, 0.0, 0.0, 0.0, 0.0, 0.0], "perf_DM_Anti": [0.053125000000000006, 0.0, 0.20625, 0.1828125, 0.21250000000000002, 0.246875, 0.22656249999999997, 0.1765625, 0.246875, 0.2171875, 0.190625, 0.25, 0.19375, 0.18125000000000002, 0.24218749999999997, 0.2171875, 0.209375, 0.23125, 0.19374999999999998, 0.203125, 0.21718749999999998, 0.16562500000000002, 0.21562499999999998, 0.2015625, 0.22031250000000002, 0.1859375, 0.2265625, 0.2078125, 0.203125, 0.20468750000000002, 0.1796875, 0.18593749999999998], "cost_EF": [0.1879292968660593, 0.08526225620880723, 0.07541964296251535, 0.11664589261636138, 0.07709429459646344, 0.0895801424048841, 0.09566260036081076, 0.09562202543020248, 0.10001137247309089, 0.10681073321029544, 0.10124615300446749, 0.08371541136875749, 0.08977432269603014, 0.09291359921917319, 0.08043049043044448, 0.08282882487401366, 0.07253029895946383, 0.07740204455330968, 0.07534212968312204, 0.07241202681325376, 0.07978024426847696, 0.07451146934181452, 0.07405236456543207, 0.07191041391342878, 0.08758422266691923, 0.07214653631672263, 0.07261659018695354, 0.07081366050988436, 0.08487705374136567, 0.07862098840996623, 0.07773428782820702, 0.08608674025163054], "creg_EF": [0.0, 0.0, 0.0, 0.0, 0.0, 0.0, 0.0, 0.0, 0.0, 0.0, 0.0, 0.0, 0.0, 0.0, 0.0, 0.0, 0.0, 0.0, 0.0, 0.0, 0.0, 0.0, 0.0, 0.0, 0.0, 0.0, 0.0, 0.0, 0.0, 0.0, 0.0, 0.0], "perf_EF": [0.0921875, 0.0, 0.20625000000000002, 0.3171875, 0.39375, 0.44375, 0.25625, 0.35000000000000003, 0.4375, 0.43125, 0.3203125, 0.28125, 0.41093749999999996, 0.3984375, 0.3328125, 0.296875, 0.290625, 0.2578125, 0.259375, 0.246875, 0.31718749999999996, 0.309375, 0.284375, 0.3046875, 0.30312500000000003, 0.27656250000000004, 0.24375000000000002, 0.25625000000000003, 0.29531250000000003, 0.30156249999999996, 0.21718749999999998, 0.2609375], "cost_EF_Anti": [0.19146728422492743, 0.08224219409748912, 0.058754249243065715, 0.08029866684228182, 0.05348400096409023, 0.053634086856618524, 0.06094143423251808, 0.047646712977439165, 0.058222379768267274, 0.06764616630971432, 0.05724537349306047, 0.05196586926467717, 0.06288763578049839, 0.07135520852170885, 0.06449274136684835, 0.06161790248006582, 0.06181910983286798, 0.05403071595355868, 0.056014359928667545, 0.06355764460749924, 0.06298967869952321, 0.063477145973593, 0.060335172805935144, 0.0575652364641428, 0.0846183579415083, 0.061190554639324546, 0.06257942412048578, 0.06456592492759228, 0.06332795741036534, 0.06318122055381536, 0.07673286506906152, 0.06275651417672634], "creg_EF_Anti": [0.0, 0.0, 0.0, 0.0, 0.0, 0.0, 0.0, 0.0, 0.0, 0.0, 0.0, 0.0, 0.0, 0.0, 0.0, 0.0, 0.0, 0.0, 0.0, 0.0, 0.0, 0.0, 0.0, 0.0, 0.0, 0.0, 0.0, 0.0, 0.0, 0.0, 0.0, 0.0], "perf_EF_Anti": [0.009375000000000001, 0.0, 0.20156249999999998, 0.3765625, 0.4046875, 0.4, 0.175, 0.303125, 0.29218750000000004, 0.4203125, 0.25625, 0.296875, 0.3984375, 0.3984375, 0.3359375, 0.3390625, 0.271875, 0.2671875, 0.23125, 0.2, 0.33593750000000006, 0.30625, 0.2421875, 0.21250000000000002, 0.36875, 0.24374999999999997, 0.259375, 0.284375, 0.30781250000000004, 0.325, 0.240625, 0.2875], "cost_RP": [0.1873443489894271, NaN, 0.05119863268919289, 0.060392043786123395, 0.04952686186879873, 0.055012239376083016, 0.05204499908722937, 0.0458429588470608, 0.048665110720321536, 0.062070441199466586, 0.05053305090405047, 0.05245478264987469, 0.060103628085926175, 0.07084627356380224, 0.05320868990384042, 0.058770506642758846, 0.0574235578533262, 0.053701698081567883, 0.05175597406923771, 0.05657900799997151, 0.06261805561371148, 0.06432916480116546, 0.056964989518746734, 0.05339277861639857, 0.07940173521637917, 0.05619596457108855, 0.05851347581483424, 0.059300053399056196, 0.06040737172588706, 0.060808861861005425, 0.06898655090481043, 0.05995143670588732], "creg_RP": [0.0, 0.0, 0.0, 0.0, 0.0, 0.0, 0.0, 0.0, 0.0, 0.0, 0.0, 0.0, 0.0, 0.0, 0.0, 0.0, 0.0, 0.0, 0.0, 0.0, 0.0, 0.0, 0.0, 0.0, 0.0, 0.0, 0.0, 0.0, 0.0, 0.0, 0.0, 0.0], "perf_RP": [0.071875, 0.0, 0.2078125, 0.2546875, 0.2296875, 0.1890625, 0.203125, 0.234375, 0.2078125, 0.1984375, 0.1765625, 0.17812499999999998, 0.2203125, 0.190625, 0.23125, 0.19687500000000002, 0.2109375, 0.203125, 0.1890625, 0.20937499999999998, 0.2, 0.20937499999999998, 0.1890625, 0.2296875, 0.2171875, 0.2125, 0.21875, 0.18906250000000002, 0.21875, 0.221875, 0.1609375, 0.196875],